评论者网名,评价,评论,评论时间,评论地点,评论点赞数
淹死海星的凶手,还行,如果一个谋杀老婆的男人却为了无意谋杀了自己的孩子而流泪，这不是很讽刺吗,2023-06-22 13:04:14,江苏,28211
申报记者何书桓,较差,倪妮的角色是个T吧，《铁T复仇记》。,2023-06-20 00:08:16,北京,17443
ฅ  ฅ,推荐,其实我觉得男主最后看到b超照片崩溃不是因为看到了孩子的存在，杀了老婆眼都不眨一下的恶魔只会崩溃在明明可以轻松地就得到一切，结果现在命搭上了煮熟的鸭子还在不知情的情况下飞了所以他才崩溃，他怎么可能在意孩子的死活，只是他悔在这一切居然本就已经是他的但他却费尽心思策划了这一切还把自己搭进去了，说到底还是一个彻头彻尾的人渣,2023-06-22 21:13:50,吉林,21534
orangesavage,推荐,建议情人节档安排上，更适合情侣宝宝的好电影❤️,2023-06-21 20:42:27,广东,19532
树木夕凉,还行,故事看20分钟就能猜到，表演上，倪妮好似没什么信念感，朱一龙则是信念感过足了。导演对声光的滥用，不遗余力地暴露着自己的庸俗审美。吃女性题材红利也就罢了，最后还要蹭一下lgbt。只能说，csc搞女性关怀，很难不让人觉得可疑。,2023-06-15 20:45:02,北京,18004
放电蓝眼睛,推荐,集合了我喜欢的悬疑元素，唯一的败笔是最后那张纸。难道坏人会因为这个后悔么？一个既无视爱情，又不尊重女性的人，不会因为这个就心软的。,2023-06-19 15:37:20,北京,14595
是小马-_-,较差,陈思诚可能你拍的时候肯定想着我真太牛逼了编出来这故事，中国悬疑片就靠我振兴了。但是我要告诉你，中国悬疑片有你真是倒了八辈子血霉了。。。,2023-06-22 12:17:43,四川,16823
咕咕咕咕,较差,杀妻不会后悔 看到孩子了才会 陈思成别太恶心,2023-06-21 22:03:44,云南,9494
TalentososSr,还行,咱就是说 结尾你说他老婆帮他把钱还了都比这来个孩子强,2023-06-23 00:47:36,北京,16751
东门捷径小V,推荐,富婆不要随便跟男的去东南亚旅游，哪怕对方长得跟朱一龙似的都请冷静三思。另外，赌棍最后怎么可能是在哭孩子？只是哭自己沉不住气，把牌桌踹翻了才发现草其实早抓了一手赢面这么大的牌罢了，这是世上唯一能让他肠子悔青的事,2023-06-22 00:45:57,湖南,13474
不知道叫什么名,推荐,"给男人花钱倒霉一辈子....
何非到最后都没后悔杀了他老婆，结果b超照片一出来就痛哭流涕，拜托，没有孩子的女性的命也是命……",2023-06-22 03:47:20,广东,8821
一池春水,较差,"你们男导演再自以为是拍girls help girls我觉得可以埋了。
别再点开我主页，请专注自己的思想。",2023-06-24 00:50:07,河北,6251
🍑,还行,更适合中国宝宝体质的反婚反赌宣传片,2023-06-22 02:46:12,江苏,13528
朝暮雪,还行,"本片最大bug：李木子没有和她闺蜜结婚，而是和一个男的结了婚。
她闺蜜也是，她得知李木子要和别人结婚了，她还同意了？她难道不应该立马飞回去抢婚吗？",2023-06-21 21:09:16,四川,11018
雷三杯,很差,哈哈哈哈哈哈哈，中国普通大众真的很好糊弄😂,2023-06-20 08:26:02,北京,13371
无情羊咩头,推荐,最烦那种说“早猜到了好无聊啊啥啥啥的”，就那几个人不是他杀就是自杀啦，值得讨论的是人性的恶，而不是你那份愚蠢的傲慢,2023-06-21 23:29:37,山东,7719
豆友B6N6i7mufI,很差,不要期望值过高，朱一龙表演痕迹过重，用力过猛。,2023-06-20 14:46:01,福建,5148
colt45,还行,我求求，别在破案过程中出现“超能小队，集结！”的场面了可以吗,2023-06-24 01:54:50,湖北,7787
山微漾,还行,"陈思诚有一个优点，就是直男审美，能把镜头里的女演员拍得美艳至极，文咏珊在《消失的的她》中的形象，堪比张钧甯在剧版《唐人街探案》中的艳丽，尽管倪妮还差点意思。

唯一不太满意的一点，为啥拍来拍去，价值观又倒回到剧集《北京爱情故事》时的——穷生奸邪，富长良心，你看《寄生虫》咋拍的：「不是有钱且善良，而是因为有钱所以善良」，世道艰难，鞭子还是少抽真正弱势群体一些。",2023-06-22 14:35:57,北京,6573
是你的小红豆啊,较差,资本家的女儿不可能这么蠢，导演为什么要塑造这么一个恋爱脑的蠢女孩，是男性的意淫罢了。,2023-06-24 22:02:51,陕西,3505
,,,,,
momo,很差,放假看这个真是找罪受，别的我都懒得吐槽了，一个杀妻男最后因为老婆怀孕了忏悔？合着老婆没有未出生的孩子重要呗？这什么傻叉价值观？🤮,2023-06-22 13:28:34,江苏,4115
银敏悲,较差,陈思诚所谓的悬疑宇宙空有噱头，到现在也没见铺出个什么名堂，心思都在找新导演玩体系了吧。看似女人帮助女人，为女人发声，结尾一张照片暴露一切，杀妻不思悔改，看到肚子的孩子就崩溃了，女人的命真贱，🥕是一点没变啊！,2023-06-20 00:17:22,北京,3884
旺旺先背,很差,什么故弄玄虚的烂片！！！！！！！！！,2023-06-21 19:34:29,江苏,3496
迷路小蝴蝶,还行,全剧最大赌徒—— 李木子,2023-06-25 01:10:36,四川,5881
多吃凤梨酥,推荐,彩蛋应该是何非看到超声波还在演痛苦但其实他看到老婆给他看的照片还游走了,2023-06-22 19:39:32,湖北,3759
tomscat,很差,友情提醒，别买票看，我无法相信现在的电影是这样的,2023-06-25 14:11:00,浙江,1937
人気小圆头🔒,推荐,要是一觉醒来我老婆变成了文咏珊，我能笑一天。,2023-06-22 23:14:48,北京,3719
可爱的小土狗,很差,"电影院的地板都要被我的脚趾抠穿了…
为什么一个从小留学国外受父母宠爱的富家女看不出来杀猪盘？她父母怎么同意这桩婚姻的？不做背调？
孕妇可以潜水吗？
射程那么远的步枪能打穿血袋但是伤不到人？
十几年艺术专业的富家女会因为一个人知道梵高很感动？
纯爱场面全靠小学生作文和音乐铺垫回忆杀？
“这里的👮‍♀️系统比国内至少落后十年”“假老婆也是老婆”怎么说的出口的？
剧团哪来的钱收买这么多人？哪来的资源设这么大一个局？
假扮👮‍♀️不会被抓？
以及摩托车出场之流的装逼场面，你可以永远相信陈思诚导演的悬疑片🥹
一星打给朱一龙，他是这个片子唯一的质感。",2023-06-23 15:12:17,湖北,1649
kakakarl,推荐,#HIIFF04#海南岛闭幕，蛮好看的，充满反转，文咏珊能艳压住倪妮的美貌。国产悬疑电影居然还是得看陈思诚。,2022-12-29 17:00:37,北京,3769
马自挂,较差,老婆死了笑哈哈，胎儿死了泪汪汪。我也不明白为什么还要安排两公婆执手相看夕阳的彩蛋，大概是人只要脑子不清爽，就总能找到浪漫吧。,2023-06-23 13:50:43,上海,2921
冰镇西瓜橘子水,推荐,海南岛闭幕片 幸运的抽到观影资格 和误杀比还是差了点 但是远远好于误杀2 文咏珊本片美貌逆天 甚至压过了倪妮 杜江工具人无发挥 倪妮身上藏了最大的剧情爆点 朱一龙发挥还可以 有好几个演技摸门特 造型也很多 粉丝们有福了 悬疑这块也很到位 剧情总体流畅不冗长 看好霸屏暑期档,2023-02-19 10:04:48,广东,2902
与你无瓜,较差,上映前各种repo都是口碑炸裂，让我以为陈思诚真的搞出什么新东西了，兴冲冲去看了，不就是90%的看不见的客人➕10%的误杀吗？以及陈思诚真是太知道市场吃什么，所以选了个讨巧的主题。。。只是他这样一个出轨且不尊重女性的男人，很难不让人怀疑他只是为了钱而已。All for money.剧情3⭐，恶心人-1⭐。,2023-06-22 00:59:51,安徽,2820
刘洺溪,很差,申请开放0分 功能，建议封杀陈，卑鄙且坏又恶心。,2023-06-26 12:40:55,北京,1268
大雁,很差,陈思诚有神奇的魔力，他拍出来的东西乍看像是现代的东西，但是其内核是如此烂俗且过时。他像以一只未开化的野人视角观察婚姻中的两性关系，完全不能理解人与人之间的情感而专注于谈钱和后代。这个视角加上他拙劣的技术，创造出这么一个畸形的工业垃圾。,2023-06-26 12:23:53,北京,1007
泽佑,还行,我觉得最后那张纸是他欠款一千万的收据感觉还合情合理点,2023-06-25 22:11:11,上海,3924
宇宙能听见,推荐,对不起看完非常想剧透 朋友辣评：猜不到是因为想不到男的可以这么坏。。,2023-06-21 22:12:49,北京,2417
超音速战斗机,很差,真够烂的，男主演技比女的都烂，情节乱七八糟，还一天两亿，买水买疯了吧,2023-06-23 11:31:27,上海,1670
好大的冰淇淋,很差,什么玩意,2023-06-10 16:32:17,内蒙古,1984
九月枉生,还行,沙滩晚宴那场戏尬得我脚趾扣地🤪,2023-06-26 20:40:46,陕西,2796
Room,较差,"真的是消失的她  
 “她”这个字在电影里没有任何色彩",2023-06-22 09:43:29,北京,2308
,,,,,
朱孔阳,还行,"工业化程度较高。动用了令人羡慕的行业资源和预算，看得出对剧本进行了较为认真的打磨，有比较有力的反转。但破绽和漏洞还是显而易见的，聪明和精巧也都流于表面。
表演比较夸张，很多场戏都存在表演过火的状况。这也是年轻导演使用成名演员的代价。视听语言过满，有时并不能完全服务于内容，甚至会干扰观众对情节的理解和思考。",2023-04-24 09:49:21,北京,2711
SMSZSMSJ,力荐,文咏珊太太太太太美了！！！,2022-12-27 09:35:56,四川,10849
澍,还行,结尾反转的太牵强 看了b超照片痛哭还不如换成欠条收据来的合理。。,2023-06-25 00:27:23,江苏,2001
英恩,力荐,电影节提前观影：剧本超牛，主角们演技也超牛！尤其是朱一龙，好久没看到如此让人酣畅淋漓的电影了，一定要看到最后一刻有大惊喜。,2023-04-23 21:27:09,北京,5570
大奇特(Grinch),,根据戏剧“Trap for A Lonely Man”改编，有过几版改编电影，如前苏联的《为单身汉设下的陷阱》（1990）和美国的电视电影《失踪之谜》(1986)。《消失的她》在这样一个改编项目下，拉长了序列和节奏，用“钩子”支撑了太长时间，经过漫长的曲折最终达到反转，但它来得太迟，且效果甚微。再度将背景放在泰国，实在是审美疲劳，既放之则应该有效安置，朱一龙的角色在这样一个语言不通的城市，如果从开始就能有意孤立他，会更能代入他的处境。值得肯定的方面是把对立面改了身份设定，是合乎逻辑的改进。导演能力还是不太够，转换成视听很苍白，且审美较俗。,2023-04-23 21:36:24,北京,936
Lion Heart,还行,不如拍沈曼和木子的爱情故事,2023-06-25 17:02:31,湖南,1240
マツハラ,还行,看完我竟也发出中国悬疑片得靠csc的惊呼，反转还挺出彩，女性互助的idea也不错，犹如看篇爽文。,2023-04-01 00:43:42,北京,1336
L小小熊饲养员,很差,"谁在洗黑钱夸《消失的她》啊，不是，这么烂的破电影能卖9亿？？？？
陈思诚想抄《看不见的客人》，你就抄好一点ok？别抄得鸡零狗碎像狗屎拼盘一样端上来恶心人，yue。不给营销号拉这么高期待值看的时候还不觉得这么恶心。
还有营销看完会跟男朋友分手跟老公吵架的，啊！不是？你们没事吧？？
鉴定，烂片，演员演技也没有多好，逻辑全是硬伤，要放在现实里根本无法实现的手段，a piece of shit",2023-06-28 02:30:23,广东,663
走路不摔跤,很差,一個自戀的猥瑣男企圖吃女性紅利披著正義皮產出的噁心產物 得了吧陳思誠,2023-06-30 02:32:10,北京,476
momo,还行,昨天看的北京首映礼，节奏可以，视听语言处理得太下沉，希区柯克的模仿让我笑场了几次，剧情我的评价是比《回廊亭》还《回廊亭》。陈思诚一贯的男凝视角拍girls help girls真的很好笑,2023-06-20 07:25:24,北京,1223
瓜子人,推荐,我不相信蓄意杀妻的人会为误杀孩子而落泪。,2023-06-23 17:19:20,江西,1775
okmaid,还行,看到最后以为会是一张还款1000万的支票。。。。,2023-06-27 00:41:11,上海,730
横路,较差,就像一条巨长巨长的抖音短视频。人物完全是为故事设计的，因此也是标签化的，表演全都虚假且装腔作势，故事捏造感太强，始终无法沉浸（最后试图用剧团演戏掩盖这些缺陷）。最引以为傲的“剧情反转”确实拍出了爽感，但也是完全可预测的。很简单，倪妮的人物动机略过得太刻意，加上她作为女主角不可能只用来解释剧情，因此当闺蜜这个人物线索一出，我们就知道她是谁了。最无语的是，创作者看似站在了政治正确立场上，编排了女人为女人复仇的流量型戏码，但到最后还是暴露了男性中心视角，从结尾的两处“浪漫”场景就能看出，一是丈夫处心积虑杀妻子后，妻子却怀着爱意（同时怀着孕）与他挥手惜别，这…不是四十年以上的资深直男真编不出来…另一处，在想象的世界里，蛇蝎丈夫上演了浪子回头，他迎着日光在浪边牵起被他杀害了的妻子的手…啊，好恶心啊。,2023-06-23 19:49:26,北京,1705
二犬苗女老父刀,很差,陈思诚骑在梵高头上拉了泡屎,2023-07-02 06:00:42,英国,373
woozico,推荐,"她本来可以很幸福的。最后的彩蛋很垃圾，烂人他不配有幸福的生活！中间那段幸福的日子拍的很假。
“何非哭不是因为宝宝，而是后悔明明可以用孩子绑住木子的一生，却还要大费周章地计划杀她”。小红书的神评，这位是真的看懂了",2023-06-25 16:34:36,山东,1511
houxuu,较差,老婆死了不伤心，带个孩子就哭兮兮，在宣传什么，我就问你在宣传什么,2023-06-23 23:09:23,四川,1546
chihiro,力荐,北影节提前看了消失的她，不能透露太多细节，陈思诚对于悬疑题材的把握越来越成熟了，目前国内顶级了，让我惊喜的是这次居然能够远超误杀系列，环环相扣更加紧密，2个小时无尿点，所以一定先上厕所。朱一龙属于是开窍了，目光很难离开他，我觉得对于男演员来说，长相绝不是最重要的，那种特有的魅力才最迷人，又是一部可以冲奖的作品。倪妮和文咏珊演得都很棒，因为戏眼儿在男主身上，所以整体上发挥空间少一些。完成度非常高的一部悬疑犯罪电影，很过瘾，端午节上映之后肯定是要二刷的。,2023-04-23 21:13:39,北京,4701
dahlia,还行,陈思诚很油腻，原来有王宝强，为他吸收了油腻，现在没有了王宝强……这无处安放的油腻感，演员都被他搞得表演痕迹好重。这又是一个男人想象的，女人为了所谓的爱献祭的故事，最后那个镜头暴露了本质，就这样毫无挣扎还要美美死去，这是典型的男性凝视。这同样的故事，成熟女性和少女看到的将会是不同的反应。我最反对的就是这种以男性视角塑造的女性，就是这类电影会加强少女陶醉在一种自虐般的自恋想象中。光是为爱献祭这样的想象就已经是神谕一样的暗示，影视作品还要不断视觉美化它。男人用作品美化少女的愚蠢天真，怜悯少女的苦难悲剧，这是男人对女性最高形式的鄙视，因为在他的眼里，她只是一个美丽没有自我的物而已。连死亡也是他精心安排好的。,2023-06-27 21:36:36,江苏,672
马德发,很差,好几年没在院线看过视听这么土，表演这么刻意的片子了。。。。。以后和陈思诚三个字挂钩的片子都不会再去看了。,2023-06-23 19:20:51,四川,978
闲人免进,很差,这年头，陈思诚都来girls help girls了,2023-06-27 11:50:28,新加坡,549
,,,,,
乐乐,很差,以后再看陈思诚的电影我自戳双目,2023-06-29 11:40:26,北京,383
面面,力荐,朱一龙也！太！像！梁！朝！伟！了！吧！,2023-04-23 22:29:07,北京,1284
painapple,很差,但凡看过一点悬疑小说、有点悬疑小说知识储备的人，都只会觉得陈思诚就是个缝合怪和抄袭狗而已吧。。感觉自己买电影票去看就是骨子里的贱。。,2023-06-23 22:46:47,广东,746
sTill-Life,还行,说东南亚旅游危险的可以看看是不是会比结婚更危险⚠️ 这个片子最大的贡献是反婚反育（？）有一说一，朱一龙演得还行。,2023-06-21 20:33:11,上海,1012
Ray,推荐,不错，层层反转，有点惊艳，最后女二的一句『我最讨厌渣男』，致敬制片人陈思诚,2023-06-23 01:37:29,广东,1377
杉崎四季,很差,非常神奇的观影体验，全程仿佛被人绑起来倒吊着往耳朵鼻子眼睛嘴里面灌屎一样。另外一定要说的是，我厌恶和鄙视一切有意或者无意表达出“穷生奸计，富长良心”这样思想的文艺作品以及它们的创作者，生理上厌恶，真的恶心。,2023-06-30 23:59:59,山东,334
西楼尘,推荐,有人坚信惠灵顿牛排只有价码，有人却相信梵高的星空自有奥秘。有人设下失踪的迷局，有人布下复仇的地网。以为是成功的失败者，其实是潜入深渊的赌徒。那天遇见我，你就像氧气瓶漏气，快要呼吸不了了。后来赴你之约，在深海里我说快呼吸不了，救我上去，你却转身离去。爱我者予我牢笼，囚人者也像困兽。,2023-06-22 22:46:09,江苏,1329
苏丽珂,较差,我以为最后给朱一龙看的是银行卡呢,2023-06-30 00:48:29,山东,489
长岛冰茶e,推荐,这个彩蛋很懂怎么恶心人,2023-06-23 19:07:54,湖北,1144
多多,较差,智力超过110的人都不适合看这个片子，太弱智了，常识性错误多到离谱，全员都没有智力，尤其男主智力极低，他老婆也没智力，闺蜜看似有智力但是整个故事就和过家家一样。看到陈思诚做编剧，我就很担心，果不其然，他智力确实也只能编这种烂糟剧情,2023-06-22 23:18:01,上海,1353
Pacino,很差,"披着悬疑的皮，剧本看出来是“精心”设计过要讨好观众的，只可惜取巧错了地方。下流，低俗取向，结尾还要恶心一把女性，电影名字里带了“她”，却在消费女性，国产电影什么时候才能真正尊重女性，以陈思诚为首的男性创作者真的……
总之，没有看的必要，端午节还是和朋友家人好好玩吧。",2023-06-22 14:53:32,四川,1064
小侠来了,还行,悬疑天花板？你家天花板这么低啊！,2023-06-21 23:25:19,浙江,1105
嗝,较差,倪妮名字一出来我就猜到了结局 另外 一个男的因为妻子不愿意还债而杀人 怎么可能因为有了小孩而流泪 我觉得还不如放一张他的债条说妻子其实已经帮他还清了 他可能还会有一丝丝后悔吧,2023-06-24 10:36:08,湖南,807
萝卜蹲完吨吨吨,较差,这个剧情真的太难看了 但凡看过几部悬疑的都不会吹这个剧情走向吧 真的比我写论文还能缝 整部电影只能听到踩缝纫机的声音！！人设是缝的，框架是抄的，情感是强行的，girls help girls是浮于表面的，最后女主竟然靠孩子挽留想要杀自己的丈夫我也是震撼的，不愧是csc拍出来的电影，集油腻、肤浅、蹩脚于一体，看这部电影仿佛在看他本人，极其让人不适，而最搞笑的是这么一个厌女、油腻且多次油出轨传闻的导演随意的去叙述ghg，很难说是花钱看电影的我更荒谬还是他更荒谬,2023-06-30 23:22:03,北京,412
壹安²,推荐,我愿称之为中国悬疑电影工业的一次全方位展示，爱情、婚姻、家庭，本身就是一部悬疑片，也许就会在你意想不到的地方疯狂反转。,2023-06-19 21:35:30,北京,2301
太郎,力荐,这个片子中段开始一你会在靠！靠！看到最后 又觉得心情极其愉悦舒爽 谨防剧透谨防剧透谨防剧透！！！！！！！剧透的全都拉出去！！！,2023-04-23 21:15:39,北京,3711
清溪何处边,推荐,娟的金句：彩蛋还不如拍他枪刑呢,2023-06-24 19:03:53,江苏,763
佩枪小百合,还行,最后那张小纸条是1000万支票才更合理吧,2023-06-30 19:19:40,辽宁,345
匡阿吉,推荐,"虽然但是，建议所有女性都去看一下。
没有突然降临的爱，没有随即可改的习惯，没有必然降临的正义，没有爱不是牢笼。",2023-06-25 13:05:29,江苏,630
薄荷烤烟,较差,所有演员都在不同程度地用力过度，文咏珊朱一龙沙滩跳舞对峙聊牛排那段质感差得我以为自己在影院看什么网络大电影，处处流露出土气和油腻的痕迹，陈思诚别挂名监制了，大家都知道你才是本片真正的导演！,2023-06-24 23:14:36,北京,903
,,,,,
Mia,还行,杀妻不后悔，顺带不小心把孩子杀了后悔死了。,2023-06-22 23:03:28,四川,741
叶赫那拉,推荐,"我是自杀，而不是氧气罐中氧气耗尽。
我死于对最爱的人的绝望，而不是海底的牢笼。
我死前最后一眼也要看着为我准备的绝命星空，我的恋爱脑大概是没救了。",2023-06-26 00:00:47,北京,593
卷,较差,就是说。。都知道木子信号消失前在灯塔附近，下趟水也就40分钟就确认了，非得搞个一礼拜去演出大戏吗？？,2023-06-30 22:26:32,广东,470
eros,还行,沉浸在氛围里能看，不能回头细想。,2023-06-19 18:12:21,北京,497
我不是豆友,还行,赌徒的致命点不是一坨胎盘，是钱，是钱，是钱，防水袋里装支票1000万更有说服力。,2023-07-01 21:34:04,陕西,220
Lareina,推荐,编剧还是懂男的哈，赌狗不行，凤凰男不行，倪妮最后甩出一个啥子说男主要后悔，我看到是b超还是黑人问号？男的遗憾的只会是他的血脉，不是他的妻子,2023-06-23 18:42:53,四川,643
Jas,推荐,倪妮的角色不错，反转也挺有意思的，另外看到很多人因为渣男看到b超照片后悔打低分，我其实觉得他根本不是在哭孩子，同意上面某个评论的说法，“赌棍只是哭自己沉不住气，把牌桌踹翻了才发现，草，其实早抓了一手赢面这么大的牌罢了”,2023-06-26 22:39:13,北京,383
天真的生活家,还行,油腻溢出屏幕😰不适的点很多，朱一龙很用力在演戏的痕迹，倪妮努力想凹飒的人设，浮夸的镜头语言和csc味儿拉满的打光，铺满全片噔噔咚的bgm，傻白甜永远相信男人的富家女和经典杀妻凤凰男刻板印象更刻板，以及，最后男主悔恨的原因是愿意为我生孩子证明爱我😅病院那一段太像恐怖游戏的氛围和视角了，代入感极强，有被吓到。不过，谁他妈会主动进笼子里看烟花啊！,2023-06-28 22:51:28,重庆,375
ChuuWeii,推荐,一般吧。他绝不是看到怀孕而悔过，他只是后悔手段用错，否则直接用小孩绑住木子，彻头彻尾的坏种一个,2023-07-01 18:06:35,江苏,216
my_type,力荐,能抢到票也太不容易了，终于看到了想看的电影。看完我只想说智商不够，男主演的也太好了，超乎想象，快点上映想二刷了🥹,2023-04-23 21:00:10,北京,3254
太空小肚子,较差,再看陈思诚的电影我就是脑残,2023-06-27 22:07:38,浙江,575
秋库布里克,推荐,在可看性上搞得非常花，无论是情节的多重反转还是视觉上不断的冷暖撞色，把“生怕观众觉得无聊”写在了脸上。当然，这种片也不可避免的存在谜题唬人谜案孱弱，人物动机被情节扭着走之类的通病，但还在可忍受范围内。尤其最后结局处理的甚至比原版更好，落在女性互助的点上是个非常巧妙的巧思。凤凰男，girls help girls，不安全的东南亚，每一脚都踩在微博热搜话题上。,2023-06-19 15:43:42,北京,821
Duende,还行,败笔就是文咏珊没搞女同,2023-06-24 18:34:11,四川,464
明天有事得睡了,还行,咱就是说 一个精心策划布局设计自己老婆的人 你奢望他看一眼孩子就后悔当初是吧……,2023-06-24 14:02:27,江苏,433
"Orange,",较差,我觉得比看了一部烂片更让人难过的是，你周围大多数的「普通人」都觉得：“哇，拍的真好，人性好黑暗啊”。陈思诚真的好好查一查他吧。,2023-07-02 21:02:32,北京,276
Two Max,还行,看得时候就觉得李木子是男性YY出来的完美恋人——内向、文静、美丽、学艺术、话不多、有钱，还父母双亡。同时要恋爱脑，无条件支持男主，让他走上事业巅峰。陈思诚这是当代罗辑啊。,2023-07-01 01:03:56,陕西,290
Bourbonvio,推荐,"第一，不要恋爱脑；
第二，警惕网贷；
第三，不要相信赌徒。",2023-06-22 17:20:34,江苏,642
muuuuuzi,推荐,姐妹们 如果遇见犯错道歉直接下跪的男人，一定逃逃逃,2023-06-25 01:07:28,四川,353
遥望晨时还似雪,推荐,恐婚恐育教材影片,2023-06-22 17:35:04,安徽,494
Kano,推荐,最可怕的不是悬疑，而是那场畸形秀,2023-06-26 09:11:01,浙江,300
,,,,,
painapple,很差,但凡看过一点悬疑小说、有点悬疑小说知识储备的人，都只会觉得陈思诚就是个缝合怪和抄袭狗而已吧。。感觉自己买电影票去看就是骨子里的贱。。,2023-06-23 22:46:47,广东,747
遥望晨时还似雪,推荐,恐婚恐育教材影片,2023-06-22 17:35:04,安徽,494
家禽腿部保健,较差,你们知道我极少给电影打分。我浪费了写稿发一次广告的机会，陪人去看朱一龙，好看也就算了，结果给我看了些啥！！！损失巨大，怒😭,2023-06-27 16:49:50,上海,188
Kano,推荐,最可怕的不是悬疑，而是那场畸形秀,2023-06-26 09:11:01,浙江,300
杉崎四季,很差,非常神奇的观影体验，全程仿佛被人绑起来倒吊着往耳朵鼻子眼睛嘴里面灌屎一样。另外一定要说的是，我厌恶和鄙视一切有意或者无意表达出“穷生奸计，富长良心”这样思想的文艺作品以及它们的创作者，生理上厌恶，真的恶心。,2023-06-30 23:59:59,山东,334
南悠一,较差,Metoo 和Girls help girls就这样被偷鸡了！,2023-06-19 19:06:15,北京,607
citizenships,较差,为了最终的底前面很多逻辑都让人难以接受，而且还那么长，漏洞就更加明显。最终结尾让人厌恶，巨象的婚姻的囚笼，对应的答案居然是「她都为你怀了孩子，你总该后悔了吧？」,2023-06-26 20:22:19,上海,444
嘟小七,推荐,总体完整，朱一龙演得不错。但是会让赌徒流泪的，一定不会是一张b超照片。,2023-06-28 12:21:03,福建,221
骤雨至,还行,杀了老婆半点不后悔得知顺手连孩子一起杀了才开始失声痛哭，真是无可救药的一个逼人，但是又好真实，这种男的大概也只会因为这种事后悔了😅。其实也没有多反转多精彩，甚至从理性的角度来说感觉还挺俗的，但是也算得上各方面完成的还行，就能看的水平。,2023-06-22 17:17:39,江苏,452
少年赵里昂,还行,给人一种差生特别想考个好成绩，一笔一画特别认真的做考卷，最后考了个及格分，自己还特满意的感觉。,2023-06-25 17:06:46,陕西,329
Soxtlas,还行,他悔悟了吗？他只是后悔没让木子把孩子生下来再杀了她.,2023-06-23 21:42:05,江苏,338
学术小狗,还行,认为“女人能用孩子挽回男人的心，男人看见孩子就会痛改前非”是怎样的一种东亚迷思啊………周围的男生女生全笑了。,2023-06-28 21:49:27,广东,248
Pacino,很差,"披着悬疑的皮，剧本看出来是“精心”设计过要讨好观众的，只可惜取巧错了地方。下流，低俗取向，结尾还要恶心一把女性，电影名字里带了“她”，却在消费女性，国产电影什么时候才能真正尊重女性，以陈思诚为首的男性创作者真的……
总之，没有看的必要，端午节还是和朋友家人好好玩吧。",2023-06-22 14:53:32,四川,1064
Cutlet,还行,给垃圾男擦屁股不如搞同,2023-06-22 15:41:40,江苏,450
灵境,推荐,李木子和沈曼应该在一起 彩蛋不是这个我很失望,2023-06-26 19:21:39,湖南,251
Dr.Ray,,适合朱一龙粉丝（无贬义，或者说，喜欢朱一龙的人会看得非常开心，另外这里的扮相也太像梁朝伟了吧）。不该对现在的陈思诚再有什么期望了。文咏珊艳压四方。,2023-03-23 21:58:53,北京,486
Hyukoh.,较差,一星给看不见的客人，一星给消失的爱人。真的是‘’借鉴‘’都不会啊😅,2023-06-25 21:16:53,四川,395
Serein,较差,"🤿
烂片！
剧情逻辑根本都不能自洽，镜头语言也烂的要死，但是为什么这么能卖呢？
陈思诚我不得不说，你真的太懂流量了，先是要了泰国那个案件的版权，然后打上女性视角的标签，先把话题度拉满，把观众骗进来，结果发现拍了一部纯纯来恶心女性的直男癌电影
其实电影本身可以打三颗星的，但是电影背后的价值观让我被纯纯恶心到了",2023-06-29 00:29:36,北京,268
祝祝先生,推荐,片尾彩蛋属实没有必要,2023-07-01 07:41:04,江西,134
枨不戒,推荐,女人追求的是浪漫爱，男人考虑的是现实爱；女人在感情的冲动下愿意献祭自己，成为一个圣母般的拯救者，男人却在理性的斟酌下选择对自己最有利的选项，而且会自我美化；女人发现一切都是错误的时候，会心软，会有侥幸心理；而男人在撕破脸的时候，却不会留任何退路。而这就是爱情最残忍的地方。,2023-06-22 12:07:12,四川,308
,,,,,
Atlantis,很差,可以打0星吗？故事框架照抄看不见的客人，一惊一乍虚张声势的炫技，像小学生写作文生造名人名言一样，非要硬拗什么梵高星空，结尾还要点题首尾呼应，拙劣伎俩让人头疼。服了，陈思诚拍100部片子还是这种：追车戏、枪战戏、挑逗戏、畸形秀，女生形象脸谱化，台词尴尬到我抠出一个中国，另外好久没看过这么老套的台词了。我再也不会看陈狗电影了。半夜醒来会打自己一巴掌的程度，MD还看了IMax厅。,2023-07-02 22:55:24,山东,218
余小岛,推荐,很稳很成熟的商业娱乐片。剧本改编得不错，用无限放大的舞台剧来实现多重反转，每一层反转都做得很真，反复拉扯观众对最终真相的迷惑，沉浸感和压迫感都很强。ps有个细节很好笑，片中出现一个舞台剧最佳导演奖，奖杯用的是金棕榈，也不知道是道具老师的梦想还是各位演员导演以及监制的。。,2023-06-19 21:08:56,北京,1007
Yipyip,很差,我一生行善积德，怎么会看到人物如此割裂，动机如此东一榔头西一棒子，逻辑像新建好的蚂蜂窝一样看似崭新精致实则漏洞百出的悬疑片,2023-06-29 17:43:17,北京,280
芋泥雪贝,还行,前半段铺垫太长，节奏存在硬伤，导致一点也不悬疑。文咏珊演技太做作浮于表面，且明显为功能性角色，其身上充满男性凝视，海边牛排戏那场就是把镜头语言都聚焦在男性欲望之上，很多特写存在性暗示之嫌，合理怀疑是制作者的意淫，就是来炫耀男性“认知”的。另，女主的话剧“导演”梗太过刻意。倪妮的演技进步很大，能撑起来，气质风情有，朱一龙很幸运地长了一双有故事的眼睛。最后b超单看怎么解读，亡命赌徒是不会因为孩子而后悔的，他只会为觉得错过一个更好的控制手段和摇钱树而嘶吼。最后，女主最后一句“她爱你”太膈应，赤裸裸男性视角，完全缺乏同理心。彩蛋恶心。陈狗这个裁缝，你吃女性红利这碗饭，挣女性的钱，却不能真正站在女性立场共情，处处暴露原形，很尴尬。,2023-06-26 22:08:04,安徽,190
可怜的小美人儿,很差,演技水，票房水，男主吹自己演技吹得自己跟粉丝都信了吧，表演痕迹这么明显的演员，后台确实挺硬的。,2023-06-25 05:41:45,浙江,483
豆分豆,力荐,"看过朱一龙人生大事就有点期待这个了，演员还有倪妮文咏珊，颜狗天堂啊，演技也都好，还是我喜欢的悬疑
（没看过但是在评论区说一下我知道的，五星先放这里看过再评。据我所知海南电影节放了首映，好像是12月？所以确实有人看过了。然后故事是改编自苏联电影为单身汉设下的陷阱啊，简介不是写了嘛）",2023-02-14 21:31:24,河南,1714
momo,还行,结尾是我看过最画蛇添足的彩蛋，没有之一。,2023-07-02 02:25:59,广东,109
lolliste,还行,B超照片出来的时候我无语了。。,2023-06-24 19:09:38,四川,311
哎呀哎呦小美女,力荐,牛的叻,2023-04-23 20:35:16,北京,1623
FennecRommel,力荐,他可是因为赌博杀红了眼的恶魔啊，我相信他不是在因为无意杀害了自己的孩子而懊悔，而是在为自己本可以有更“两全其美”的计划而懊恼。“啊 我原本可以用孩子绑住她，本不必冒这么大的陷最后还人财两空…… （鉴于他毫无人性且嗜赌成性,2023-06-30 07:47:19,山西,188
阿部亮平常心,推荐,她看她的眼神，实在算不上清白,2023-06-28 20:07:28,北京,177
aisuruhitoyo,很差,打着女帮女的幌子，整部片还是极度男性视角，俗气至极的审美，不稳定的价值体系，梵高是块砖，t恤背后印个油画就能引发富家女对男人的好奇，把话题轻飘飘落在恋爱脑和拒赌上也真是狡诈，顺便美美吃一嘴LGBTQ红利，最后b超单卖力煽情让人笑掉大牙。倪妮很美，陈思诚令人作呕。,2023-07-02 10:13:02,江苏,221
砾岩盐,力荐,海底的她在摘掉氧气罩的一刻该有多绝望啊。太心寒压抑。,2023-06-26 23:01:49,广东,181
real_ccc,还行,太陈思诚了，感觉看了一部爽剧，表面女性互助但男凝视角依旧，最后女人的命不是命，孩子的命就是命了？,2023-06-23 22:03:09,湖北,281
Akira,力荐,应该是根据之前的泰国杀妻案改变的吧…很合格的商业片。唯一觉得有点败笔的是男主得知有孩子后显得有些懊悔，但实际上，就算有孩子，依然不影响他会下杀手。看电影的时候，隔壁阿姨一直说怎么不早给他看照片，说不定就…这是个看照片的事吗，阿姨你真的太年轻了。,2023-06-22 22:11:27,江苏,505
小泡芙,较差,"消失的她，我只关心陈思诚什么时候从编剧消失啊，这么逆天答辩的剧情很符合我对他的刻板印象，我的评价是不如看不见的客人一根，最能看的就是倪妮和文咏珊了，无敌。配乐莫名其妙且大声，伤害我耳朵；逆天剧情伤害我眼睛，前一秒那么暗后一秒大灯光狂射，我真的是吐了。鉴定为一坨。
必须吐槽，从开头就绷不住了，男主老婆中国人，找不到本人照片是吧，找不到本人照片是吧，找不到本人照片是吧，身份证没有是吧，结婚一年结婚照拍了吧结婚证领了吧，人在国外找不到大使馆是吧，就硬安排剧情硬反转。就这还粉丝吹反转吹剧情吹演技，我呸。",2023-06-22 17:12:37,四川,529
你压到我腿毛了,还行,讲了一个凄美的拉拉之恋。,2023-06-22 20:14:09,上海,328
瓦达西瓦,较差,"一部很用心的烂片。各方面都很用力。
拍出了一群单薄到可笑的假人",2023-07-01 19:19:58,四川,194
少年,推荐,竟然有人会以为男主哭是后悔杀了孩子……2023年还有这么天真的人也是不容易。难道不是本来不用杀人也可以把赌债解决，自己却选了死路么，他背叛了死刑欸，有谁会想死？,2023-06-29 20:59:55,广东,114
小巨鹿,较差,哈？…本身前半部分还可以。结果后来…诈骗父母双亡的白富美给自己还赌债 白富美的大脑那么多年教育白受了吗 无论学识 出身 艺术审美 身边就没一个能挑的人了吗？……最后话剧社出来之后 我脑子里只有三个字 太扯了 … 比起这个设定，我更想看在试衣间里媳妇儿没了freakshow的故事…（文咏珊美啊）昨天写稿子刚写到 一个片子烂 归根结底的原因是哲思太浅 讨论的东西就指尖儿那么点大 形式却庞然巨物…    ps：为闺蜜报仇手刃渣男 真的看的很带入……再不想多管闲事 也无法看着闺蜜献身垃圾堆……,2023-06-21 22:47:42,陕西,669
,,,,,
粗ki,还行,最后那个彩蛋真恶心,2023-06-28 22:05:52,河北,110
曼彻斯特小蘑菇,还行,最后看到b超图哭泣的情节不知是讽刺还是什么，真的不如改成老婆已经帮忙把钱还了。,2023-07-02 17:11:20,湖南,88
VIP,较差,各位大V的影评把我给骗了啊，每个都说炸裂，之前我也把俄版看了，跟人家俄版比还是有差距的啊，这部就误杀2的水平.,2023-06-21 11:40:16,广东,1038
月光响了,较差,"只能说，编剧策划知道宣传和踩点。
看不到人文主义的厚度和真挚，
一切不过都是赚钱的工具，包括你我的情感
大家都是羊群和韭菜
票房越多，越为今天的电影届感悲哀。",2023-07-02 10:03:55,广东,159
郑允昶,力荐,没有被剧透的情况下看，确实挺好看的。虽然故事不严谨，但是悬疑感做的很好。一部正常应该七分以上的电影，被黑成这样。豆瓣评分越来越不靠谱了,2023-06-27 23:22:38,山东,187
忘言迷津,很差,什么垃圾，我真是信了邪了。网上吹一部烂一部。这部电影不应该叫消失的她，应该叫消失的的大使馆。,2023-07-02 21:50:07,内蒙古,161
科林,还行,应该是【2020年杭州来女士失踪案】首度影视化作品,2023-06-21 22:24:05,上海,269
yuki223,还行,还好是跟我最好的朋友一起去看的…爽片，但认真觉得落款不该是这对情侣的照片而是那对姐妹。,2023-06-21 23:17:51,北京,251
柯诺,较差,观影过程很想倍速，纯耍弄设局鲜少抓眼的视听审美表达，没有什么戏值得单拉片出来细品。从悬疑类型叙事看，悬念逻辑钩不太住，比如稍带点判断力就能对开局不久露出线索的新闻画面，突如其来全力帮助的律师身份起疑。可以理解为什么北影节张艺谋不给奖，按他标准惊喜反转点根本不够。结局揭晓回看前情就更加索然无味了。传达GHG后，又来了一张令男主角崩溃的照片，男性中心陈腐思维立马露馅。,2023-06-21 13:37:56,北京,842
向日葵般的微笑6,很差,感觉导演在努力拍，但效果一般，看得睡着了,2023-06-20 21:08:31,北京,1209
银色子弹,还行,豆瓣果然还是很准……看到大家都在吐槽“杀妻不后悔，看到孩子b超才后悔”这一点我就放心了，哈哈哈，婚姻本质，“她都为你怀孩子了，你怎么下得去手”……太恶心……,2023-06-30 22:40:42,四川,114
匡轶歌,推荐,一开始表面是消失的她，其实是消失的我：明知自己被做局，谜团缠身，所有人都以为你有病你发疯，不得不挣扎于自证的漩涡。结合治安情况和近期巴厘岛某案，尤其各种割腰子传闻，和流传多年的人瓮传说，觉得作为一个架空故事，背景落地在泰国倒也顺理成章。接着倪妮飒爽出场，这个人物的能量过于强大，几乎有点上天入地无所不能的神通，而恋爱脑的朱一龙也有种微妙的夸张，一度曾把我的心理预期拉往大卫芬奇《消失的爱人》，以为是蛇蝎复仇妻之类的走向。随后又发现，这是个Sisterhood的故事，在此拐点整部片子突然转为爽剧调性。特别喜欢这段姬情戏，之前在婚姻中显得呆板、怯懦、乏味的妻子也骤然生动飞扬了起来。而最末，这终究仍是个爱的故事，结合前几年现实中某案，会发现剧情并不架空，走出影院心中留下一声叹息。不剧透了。总之端午节还不错看！,2023-06-21 21:28:51,河南,361
次等水货,推荐,编剧写出了一个完美的悬疑故事，导演和监制满足了这故事发生的条件，比如场景的选择和氛围的营造，都和这个故事融合得恰到好处。看片尾才知道这部电影全程在海南岛取景，却做出来了海外的东南亚一带度假岛的感觉，不失真实。朱一龙、倪妮、文咏珊等演员贡献的表演在这样一部类型片中也都是满分级别的，看完电影再回想，都无可挑剔。看到最后再回想之前的剧情其实电影已经给我们预设了很多伏笔，比如蛇与蝎的意象、灯塔下的海浪拍击石岸时的水中视角，数次响起却不去接的电话等等。回来看海报中的一些细节，英文名Lost in the stars 、宣传语“看场好戏”、远处矗立在那里的灯塔、片名中“她”字上的一抹血色，以及与海水融为一体的画像，原来都是有效信息。看两遍也不过分。,2023-06-21 10:49:48,北京,1052
長大開飞船,力荐,国产悬疑而言其实是够的，但是最后那张b超图换成支票，我估计更能唤醒鳄鱼的眼泪。,2023-06-25 14:15:59,湖北,143
安泊谂,还行,虽然很快就猜到了倪妮应该就是莫名其妙还没出场的闺蜜曼曼，但是里面几个环节的反转看得出导演也是愿意去做情节设置的而不是用脑残情节骗骗观众。最后，我觉得朱一龙饰演的渣男老公，看到老婆替他还了钱拿回欠条，会远比看到B超胎儿，要感动的多。,2023-06-27 20:01:17,广东,106
一只美好的少女,还行,气氛音乐烘托地可以，但结尾那几分钟直接拉胯，一个连你都不在意的人，你觉得他会在意你身上的一块肉？！不要太搞笑，还有，最后居然指望靠孩子让杀人犯饶自己一命，也真的是究极恋爱脑了，不愧是陈导作品哈，很精确地传达出在男人眼里有自己精子的种比女人重要地多的思想，呵，还指望受众因为这点觉得男人悔改在意自己，顶级可笑了,2023-06-26 14:30:04,北京,120
狮包子,推荐,"我只想说不是资深恋爱脑都看不懂结局，别问我为什么知道。
男主在她父母双亡的时候走进她的世界，亦如初见时救起快溺毙的她，最终错入了对方精心设的死局。
她的B超并不是一个单纯想让对方心软的求救信号，而是在她的计划里，本就该是和对方在浪漫的海底星空里分享喜悦。而她在生命的最后一刻都没有怪过对方，只是坦然接受了这一切，溺死在她要的海底星空里。",2023-06-25 00:37:29,广东,143
禁止倚靠,很差,非常难看！剧本抄袭、缝合几部国外电影，投机取巧，毫无诚意。演员表演浮夸，处处用力过猛。观影全程如坐针毡，最后的彩蛋更是让人反胃、如鲠在喉。,2023-06-24 09:19:29,北京,498
干嘛呀,力荐,北影节展映看到了太不容易了！上映必须二刷三刷！我脑子都要烧没了！！！太好看了！悬疑题材天花板了可以说！！！,2023-04-23 21:10:17,北京,1764
堂本家小懒,推荐,不要扶贫，不要相信男人的话,2023-06-23 15:54:43,北京,179
,,,,,
魔幻不现实主义,较差,为了摆脱自己厌女的名声而开始擦边女同元素吃女权饭的陈大导的又一力作,2023-06-30 21:41:49,浙江,161
懒癌晚期患者,较差,抛开演技不谈，美女们好养眼！全场最佳是男主说自己会改的时候大家默契的嘲笑声！但剧情真的不合理，杀妻都不后悔的男人看到妻子怀孕就愧疚？编剧脑子没问题吧？彩蛋就更膈应人了……赌徒连幻想都不配有谢谢,2023-06-21 21:43:39,江苏,713
封不觉,推荐,豆瓣果然就是一群自恃清高之人聚集地吗，这部片子谈不上多好但是也没低到6.8的评分，身边朋友都觉得还不错无论男女，到这里就是一群人在自我高潮，别发癫了差不多得了😅😅,2023-06-26 10:46:24,江苏,135
等待花季烟雨稠,很差,"笨男人还在网上骂女辱女造黄谣，而聪明男人已经开始吃上女权饭了，一边吃还在一边笑：女人的钱真好赚。
陈思诚能不能退出导演编剧圈，看见他都要吐了",2023-07-02 12:43:22,山东,103
ᯤ,还行,渣男警示片，看朱一龙大喊大叫两个小时，真不如看看倪妮和文咏珊的写真。,2023-06-29 13:18:28,福建,103
Fallacy,较差,一个犯罪悬疑片… 最后尸体在海里浸泡了半个多月竟然还没有肿胀腐烂？？？？还能肤白貌美？？？？男凝连尸体都不放过。。前面的情节安排还算合理。。最后几分钟真的很像姬片强行爱一下啊😓😓 杜江医院出现那一下我觉得好好笑。。不知道为啥😂😂,2023-06-30 22:24:16,浙江,157
吃瓜爱好者,推荐,建议景甜应该要看看,2023-06-27 17:10:33,广东,127
茨葭谖草,较差,所以赌徒杀妻不眨眼但却会对受精卵失声痛哭？,2023-06-26 21:25:59,江苏,202
兔丸,较差,毫无人文关怀，虚假的女性电影。创作者实际上并不关心“杀妻”这类社会议题，而是回应了普遍的社会焦虑，利用了女性的恐惧。相反，从角色到“杀妻”的情节、场景布置，却是实打实的奇观化、装置化，最终服务于悬疑氛围，亦或某些潜在的施虐狂观众。,2023-06-27 17:33:53,浙江,177
kok,很差,有种把五颜六色的屎凑在一起的感觉,2023-06-27 22:40:44,北京,245
Jay文案,还行,醒来发现是文咏珊的话，果断将错就错就好了。,2023-06-21 18:46:07,江苏,238
赛东施,还行,朱一龙长得虽然有几分像梁朝伟，但演技相差太多，梁朝伟在《无名》中藏而不露地骗过所有观众，朱一龙在《消失的她》中仓皇失措地过早暴露人物真实底色。那张照片第一次出现时，我想都不用想就知道是B超图，很简单，因为男权思想的国产电影对两性心理的预想可以用粗陋不堪四个字来形容，实际上，女性没那么感性柔弱，男性也基本不会自省。挺好的翻拍题材，最后却只抓着仇富、渣男等标签，着实可惜。,2023-06-22 23:18:36,北京,202
不停,较差,宣传主打反转，但反转效果一般。最后那张孕检差点当场呕吐，前面批了再厚的女性互助的皮，还是憋不住男性叙事的臭德行,2023-06-24 17:45:27,福建,342
庸人自扰,很差,1星给死去的女主。女性不该被拿来这样商业消费。,2023-07-01 20:21:44,北京,160
再来一盘鲜虾滑,较差,"纯纯被粉丝戏耍把人哄骗进电影院看了一场陈思诚导演用他刻板又自负的视角导演的抖音小尬剧集锦。

所有女性角色几乎根据男性意淫量top3身打造——温柔可人却又爱得脑袋发昏的白月光、妖艳风情的性感御姐、潇洒干练的事业型女强人，自以为能让女性也代入到反转复仇桥段里，但根本又在用花里胡哨的人设和剧情把现实中的女性困境解构得七零八碎。

剧情上来说，反转环节截取了《看不见的客人》的精髓，演员的演技和各种炫技镜头却没办法让这样的转折是在真正自然又顺畅的情况下爆发，当然也没有拍出《消失的爱人》那样潜藏在日常中的窒息感，更谈不上有多深刻。

总结——好久没有看过这么做作的电影了，你以为陈思诚在为女孩们拍电影？不，他这个老登甚至反过来利用了女性饭圈效应满足了自己被夸“渣但有才华”的虚荣心。",2023-06-25 23:37:38,广东,200
蓝色的椰子,还行,辣鸡男人杀妻都毫无悔意，知道老婆怀孕了痛哭流涕，傻逼吧,2023-06-25 21:30:48,福建,129
老不营业艺术家,还行,结尾写成女主生患绝症只有三个月命了，本来男主什么都不用做就可以得到全部财产，是不是会令男主更煎熬。故事大框架可以，但细节处全是bug，以及文咏珊演的其实蛮差的,2023-06-28 07:07:01,上海,92
Pegasus,很差,家人们 我造了什么孽 要花钱看这个,2023-06-25 17:39:40,上海,290
夜懶出行,推荐,"智者不入爱河，姐妹请独自灿烂。
向渣男妥协就是坠入深渊的开始，清醒一点。
倪妮朱一龙和一众角色的演技与角色塑造一幕接一幕颠覆我认知，好牛！
我最喜欢的镜头大概是倪妮向何非甩下照片转身哭着走过一大段长廊的戏，让我想起好多好多不存在的过往…狠狠共情",2023-06-20 00:18:38,北京,613
鬼撞牆,还行,太悬浮了，几乎没有什么现实感，仿佛与此地没什么关系。但尽管故事已经被设定在一个虚构的东南亚国度时，沈曼仍然被片尾字幕审判犯有寻衅滋事罪时，你又会发现这电影太过现实了。,2023-06-22 21:40:38,湖北,170
,,,,,
屁踢泡泡,较差,倪妮，好姐，好t，铁t真的牛。整个质感很像国产电视剧，意思是蛮塑料的，怼大脸乱放bgm，前一小时如坐针毡。剧情有但是不多，结论是有钱女的一定要远离男的。,2023-06-21 21:48:11,浙江,480
好好睡觉,很差,故弄玄虚➕相信男人就会死无葬身之地,2023-06-22 12:37:01,广东,675
诗小妹,推荐,第一秒开始就进入悬疑故事的高速过山车，时而爬坡扣紧扶手，时而下冲尖叫尽兴。快到终点的时候，猛然察觉有水从眼睛里流出来。为人生的艰辛苍凉而悲伤，为人性的复杂多变而无奈。国产佳作。我们应该抛开一切滤镜给予作品本身以鼓励。也给花了三个月时间，抛开一切潜心体验角色的朱一龙老师，一个有份量有诚意的肯定。,2023-04-24 01:10:17,北京,1127
洛羿 ( 影帝版,推荐,一款适合中国宝宝的不婚不育教育片，顺便磕到了木子和曼曼，女孩子太美好了,2023-06-21 23:08:34,重庆,253
eviloan,较差,土爆了，梵高看了都要从棺材气的跳出来,2023-07-02 17:44:22,上海,99
冷水浴缸,,很反感一盘大棋式的故事，也厌恶将受害者塑造成毫无思考全然丧失主体性的提线木偶。和某剧一样为男性树碑立传，女性角色工具化，要么蠢如猪死去，要么毒如蝎活着，没有一个正常人，放置女性议题更是由表及里强化厌女。东南亚、蛇蝎、傻白甜、凤凰男等标签恰好嵌合民粹、女权和贫富阶级三大影视财富密码，于是网大质感也能卖座突围。现实里坠崖案当事人靠自己逃脱重生，有独立自主的情感想法，是真实的人。当电影最后十分钟把视角还给女性角色时，才好看起来，情感得以立住。视角选取迎合基本盘，男性视角杀人越货，女性则是做局复仇，切合当下社会情绪。包括戏剧浓度最高最具张力的海底段落收束于结尾，在技术上是认可的，情绪、离场感、传播效应都有，三分钟值二十亿。鲜见的商业思维导向，算是一网打尽以往女性话题剧没抓住的红利，但也是红利的尾声。,2023-06-26 02:18:39,北京,57
浆糊骗子,较差,"苏联电影翻拍而来的时装惊吓片。男性凝视下的操控就是用汹涌的海浪声让他癫狂。手机屏幕反复提醒你剧情全程发生在能收到内地手机信号的地方，又已知泰国缅甸马来西亚续签不设门槛，那么他要过期的很可能不是签证而是签注。
与内地其他话剧风/剧本杀影片一样，气场靠端，演技靠吼，音效告知你此处是反转，特写提醒你后面有呼应。唯一的区别是这部的特效不寒酸，弥补了场景的粗劣感。",2023-06-22 10:34:19,北京,364
-Sycho,推荐,麻痹，看一肚子气。展示b超和最后彩蛋是败笔，建议删除，b超建议改成何非死不悔改，这种人天生坏种，如果因为怀孕而悔改只可能是因为他觉得孩子是他要钱的保障。彩蛋更是看一肚子气。但是女生都应该看看这部电影。,2023-06-22 19:26:46,安徽,233
丁鱼,较差,陈思成的油臭味充斥在整个电影院，恶心到想吐。,2023-07-03 00:25:17,新疆,84
知识原子,推荐,我觉得陈思诚可能不懂女性主义，但是他确实一定了解男的，建议查查，不像编的。,2023-07-01 19:30:21,北京,67
我想慢慢走,很差,我先明说 我没有给陈思诚贡献票房 因为几个朋友在讨论 我好奇在网上找个枪看的 事实证明这人不能挨 我以后再看和他沾边的的电影我脑残,2023-07-01 18:06:00,广东,140
五色全味,较差,倪妮掏出b超照片表示你老婆真的好愛你 朱一龍痛苦流涕感受到老婆真的好愛他時 我嚇傻了,2023-07-02 18:38:45,上海,69
CrazyPeter,推荐,稍显用力过猛，整体优质。最后用孩子来唤醒罪恶其实很难，你以为是人性的光辉，其实是另一个悲剧的开始。,2023-06-23 22:13:48,吉林,109
Julio尤里奥,还行,"1.这个故事完全应该在倪妮漏出纹身的时候就结束，因为已经完全交代清楚了，后面完全是画蛇添足。
2.三个主要男女角色的表演都太差了
3.剧情是及格的
4.画面、布景等等太精致了，像在看时尚杂志一样，好像一点尘土都不能进入镜头。",2023-06-29 20:31:50,陕西,63
一罐冰可乐,还行,男人不会后悔杀了自己的老婆，却会后悔杀了自己的孩子。很讽刺。,2023-07-02 01:36:16,浙江,73
yanganron,还行,5分，陈思诚夹带私货也就算了，姑且认为“我最讨厌渣男”这句是讨好女性观众，问题是这让电影的中心思想一下变得很low，男主这是一个“渣男”可以概括的吗，那是人渣啊，就像是人家在抢银行你却说人家是小偷，我只能说格局太小了，也就意味着故事也很难得到升华……他确实借鉴了很多国外电影，但是飙几句英语并不能表示他学到了精髓。总之就算是他对国外经典的一些拙劣模仿吧……（话说就没有人疑惑尸体在海里半个月还这么完整吗）,2023-07-01 02:18:58,北京,83
新新新裤子,较差,电影散发着浓浓的陈思诚风格，投机，浮夸，急于求成，有点小聪明，总想显得有大才华，最后让人讨厌,2023-07-01 09:50:25,湖北,110
BATIGOL927,还行,整个片就跟zyl的演技一样，你不能说他烂，但就是get不到，可能这就是畸形智杜下催生的畸形电影吧。,2023-06-24 14:19:37,湖北,158
momo,较差,营销大片，你可以永远不相信国产电影，中间有几段我感觉在看小时代5）文咏珊很美，但是演技真的烂烂烂，整个片子都充斥着男导演的自以为是👎,2023-06-25 00:06:31,云南,247
小黑,推荐,拆散一对拉拉，毁了两个家庭，建议国家放开同性婚姻限制,2023-07-04 02:23:00,广东,66
,,,,,
TaZ_XCX,还行,留学国外学艺术的富家女到底为什么因为一个男的喜欢梵高的星空而被打动啊/片尾的b超照片被彻底无语了/和妈妈一起去看的，电梯里家长都在教育女儿不要恋爱脑🤣,2023-06-28 16:53:07,江苏,77
来年夏天,还行,冰块里面的M还给了特写，在这网络时代居然找不到李木子一张合照,2023-06-27 07:33:23,河南,78
波摩15,还行,陈思诚的片总觉得像是特商务，包装特别好，但是吃完总觉得味道上差点啥，而且还没吃饱的一顿饭,2023-06-24 00:33:23,北京,100
look_back,很差,"陈思诚滚回去拍你的麦麸黄片。
奉劝朱一龙粉丝少吹这部打着爱女旗号的男凝垃圾。",2023-07-03 23:39:41,宁夏,111
朋也,还行,反转意料中 能拍点les挺好的 恋爱脑配赌徒很中式 就是结尾彩蛋和怀孕属实被恶心到了,2023-06-22 22:47:23,北京,154
元气犀牛,还行,"说实话挺一般，陈思诚非常知道流量密码是什么，姬圈大佬的女女CP，渣男话题。但就是太知道，就失了舒适度。作品越来越刻意，全程一惊一乍的，极为刻意的手法，生怕别人不知道他牛逼的感觉，疯狂炫技。一点也没有被吓到，也没有因此感受到半点片尾想表达的那些文字信息。只感受到导演溢出屏幕的：“我牛逼吗？快夸夸我”的中年油腻。
三星完全是给几个好演员的好演技，尤其是朱一龙的表演很惊喜。",2023-06-29 23:06:00,湖南,68
呱,很差,为什么中国男性导演总喜欢无脑化女性,2023-06-25 00:08:44,重庆,352
almost511,很差,都不知道从哪里开始骂😄,2023-06-26 12:08:17,湖北,277
已注销,推荐,男主最后看到b超照片崩溃，不是因为看到了孩子的存在而后悔崩溃。“赌棍只是哭自己沉不住气，把牌桌踹翻了才发现，其实早抓了一手赢面这么大的牌。”最烦那种说，早猜到了好无聊啊啥啥啥的，值得讨论的是人性的恶，而不是你那份愚蠢的傲慢。,2023-06-27 01:07:34,上海,97
BiBi,还行,彩蛋很懂恶心人,2023-06-25 00:27:10,福建,99
伯伯lee,还行,陈思成是懂渣男的（然而我们究竟需不需要男性视角下的女性主义）,2023-06-25 17:26:59,上海,95
༺❦熱憂༄ོ࿆,推荐,看完电影真的能学到很多：结婚不要找赌徒，不要去东南亚，不要玩潜水，不要丁克，不要找闺蜜看不上的男人，不要赌博，不要惹导演系的，不要在警察局外面报案，不要瞎总结,2023-07-02 08:59:10,重庆,47
徐若风,推荐,婚姻即是一场悬案。也许你以为找到最合适的人，却发现爱上的对象并不是自己设想的样子，此时又该做出什么选择？出色的类型片处女作，看完仍会感到心有余悸。寻找失踪妻子的疑案，演变为真假妻子之谜，又转变成罗生门式的丈夫真假谎言。全员各执一词，不断颠覆此前建立的人物关系。朱一龙的人物形象前后翻转多次，他给出了自如的表演节奏，又以许多微表情埋下伏笔。,2023-06-21 20:24:13,北京,363
鸠魁,较差,陈思诚不会觉得自己能拍出来很牛吧🥺,2023-06-26 15:16:05,江苏,178
hikari,推荐,全片让我最惊讶的点：海底星空居然是真的。,2023-07-02 09:23:48,福建,64
莱子、小时候,还行,"她为什么不把铁丝解开啊
那难道是个死扣吗？",2023-06-26 23:48:28,北京,76
冰山的阴影,较差,麻烦内地的编剧们不要再糟蹋梵高了好吗。,2023-07-01 20:07:48,福建,106
小夜子,力荐,太牛了啊。颠覆性表演啊 。,2023-04-23 20:58:25,北京,1570
仿真男孩哪吒,较差,好久没看到过这么假模假式并离谱的电影了,2023-06-23 20:05:35,宁夏,258
思小泡,还行,渣男的一滴泪是为了肚子里的孩子？我不相信。以及彩蛋真的莫名其妙极了🤷,2023-07-02 23:35:47,北京,50
,,,,,
,,,,,
